id;modulo;subsecao;requisito;na_versao_enxuta
RT-001;4.1. Arquitetura e acesso;;Aplicação inteiramente web, executada em navegador atualizado, sem instalação de componente na estação do usuário, ressalvado o componente exigido pelo fabricante do dispositivo criptográfico para a assinatura com certificado armazenado em token ou cartão.;sim
RT-002;4.1. Arquitetura e acesso;;Interface responsiva, com adaptação do menu e do cabeçalho a telas de dimensão reduzida, inclusive de dispositivos móveis.;sim
RT-003;4.1. Arquitetura e acesso;;Aplicação e banco de dados hospedados em ambiente de nuvem, por conta da contratada, dispensando o Município de prover infraestrutura de servidor e licenças de sistema operacional ou de banco de dados.;sim
RT-004;4.1. Arquitetura e acesso;;Base de dados própria e exclusiva do Município, separada da base de qualquer outro contratante da solução, com identificação do ente pelo endereço eletrônico de acesso.;sim
RT-005;4.1. Arquitetura e acesso;;Atuação de múltiplas unidades gestoras no mesmo ente, com seleção obrigatória da unidade de trabalho após a autenticação, seleção automática quando o usuário possuir vínculo com uma única unidade, troca de unidade sem nova autenticação e revalidação do vínculo a cada operação.;sim
RT-006;4.1. Arquitetura e acesso;;Armazenamento dos arquivos digitais em repositório configurável, em disco do servidor de aplicação ou em serviço de armazenamento de objetos compatível com o protocolo S3.;sim
RT-007;4.1. Arquitetura e acesso;;Execução das cargas de grande volume em segundo plano, sem bloqueio da sessão do usuário, com identificação do ente em cada tarefa e registro das falhas.;sim
RT-008;4.1. Arquitetura e acesso;;Implantação em contêineres, com procedimento automatizado de atualização de versão que compreenda a atualização do código, das dependências e da estrutura de dados de todos os entes atendidos.;sim
RT-009;4.1. Arquitetura e acesso;;Endereço de verificação de disponibilidade da aplicação, para monitoramento contínuo.;sim
RT-010;4.1. Arquitetura e acesso;;Tráfego entre o navegador e o servidor de aplicação exclusivamente por canal cifrado, com protocolo TLS na versão 1.2 ou superior e redirecionamento automático de acesso não cifrado.;sim
RT-011;4.2. Interoperabilidade;;Disponibilização de interface de programação de aplicações (API) para integração com sistemas de terceiros, em padrão REST, com tráfego em JSON, códigos de retorno HTTP padronizados e processamento transacional, com reversão integral da operação em caso de falha.;sim
RT-012;4.2. Interoperabilidade;;Autenticação das integrações por credencial própria de cada sistema, distinta da credencial de usuário humano, com possibilidade de regeneração e de desativação individual.;sim
RT-013;4.2. Interoperabilidade;;Mecanismo de notificação ativa de eventos (webhook) aos sistemas integrados, com assinatura criptográfica do conteúdo que permita ao receptor verificar a origem e a integridade da mensagem.;sim
RT-014;4.2. Interoperabilidade;;Documentação técnica da interface de integração publicada pela própria aplicação, acessível para consulta e para download.;sim
RT-015;4.3. Usabilidade e padronização;;Padrão visual e funcional uniforme em todas as telas e módulos, obtido por componentes de interface compartilhados — cabeçalho de página, tabelas, campos, botões, janelas, confirmações e mensagens.;sim
RT-016;4.3. Usabilidade e padronização;;Organização das funcionalidades em módulos, cada um com menu próprio, e tela inicial de escolha do módulo de trabalho.;sim
RT-017;4.3. Usabilidade e padronização;;Busca de funcionalidades por atalho de teclado, a partir de campo único, com pesquisa por termo sem distinção de maiúsculas e de acentos e encaminhamento à pesquisa de conteúdo dos documentos.;sim
RT-018;4.3. Usabilidade e padronização;;Marcação de funcionalidades favoritas por usuário e por unidade gestora, exibidas em destaque na busca de funcionalidades.;sim
RT-019;4.3. Usabilidade e padronização;;Notificações internas ao usuário, com contador de não lidas permanentemente visível no cabeçalho.;sim
RS-001;5.1. Identidade e acesso;;Autenticação individual por usuário, mediante endereço de correio eletrônico ou CPF e senha, com renovação do identificador de sessão a cada autenticação.;sim
RS-002;5.1. Identidade e acesso;;Armazenamento de senhas exclusivamente sob a forma de resumo criptográfico irreversível, vedado o armazenamento de senha em texto legível.;sim
RS-003;5.1. Identidade e acesso;;Encerramento automático da sessão após período de inatividade definido em parâmetro.;sim
RS-004;5.1. Identidade e acesso;;Encerramento voluntário da sessão, com invalidação da sessão e do token de proteção de formulários.;sim
RS-005;5.1. Identidade e acesso;;Proteção contra requisições forjadas entre sítios em todas as operações autenticadas da interface.;sim
RS-006;5.1. Identidade e acesso;;Acesso do suporte técnico da contratada ao ambiente do Município somente por autenticação única a partir de painel central, com credencial de uso único, validade de segundos e verificação, no ato do acesso, de que o operador de suporte está ativo e vinculado ao ente.;sim
RS-007;5.1. Identidade e acesso;;Indicação, por usuário, de acesso ampliado a todas as caixas de trabalho e setores da unidade gestora, de modo que a visão geral seja concedida apenas a quem for expressamente designado.;sim
RS-008;5.2. Credenciais de integração e chaves;;Credencial de cada sistema integrado exibida uma única vez, no ato da emissão, e armazenada apenas sob a forma de resumo criptográfico irreversível.;sim
RS-009;5.2. Credenciais de integração e chaves;;Isolamento por sistema de origem: cada sistema integrado consulta, altera, cancela e recupera exclusivamente os documentos que ele próprio enviou.;sim
RS-010;5.2. Credenciais de integração e chaves;;Na assinatura com certificado digital do tipo A1, manutenção da chave privada e da senha do certificado apenas em memória durante a operação, vedada a sua gravação em qualquer meio.;sim
RF-001;6.1. Estrutura de arquivamento;;Organização do acervo em estrutura hierárquica de pastas e subpastas, sem limite de níveis, com navegação em árvore e indicação do caminho completo da pasta corrente.;sim
RF-002;6.1. Estrutura de arquivamento;;Criação, renomeação e exclusão de pastas, com atualização automática do caminho das subpastas na renomeação e bloqueio da exclusão de pasta que contenha subpastas ou documentos.;sim
RF-003;6.1. Estrutura de arquivamento;;Inativação de pasta, com propagação da inativação às subpastas e preservação dos documentos nelas contidos.;sim
RF-004;6.1. Estrutura de arquivamento;;Movimentação de documentos entre pastas, individualmente ou em lote, com validação de que a pasta de destino pertence à mesma unidade gestora do documento.;sim
RF-010;6.2. Captura e incorporação de documentos;;Incorporação de documentos por envio de múltiplos arquivos em uma única operação, inclusive por arrastar e soltar, com aplicação ao lote do tipo documental, da pasta de destino, da descrição e dos metadados, admitidos arquivos de até 50 MB cada.;sim
RF-011;6.2. Captura e incorporação de documentos;;Digitalização de documentos pela câmera do próprio dispositivo, com captura de múltiplas páginas, reordenação e exclusão de páginas antes do arquivamento.;sim
RF-012;6.2. Captura e incorporação de documentos;;Arquivamento no repositório, por ação do usuário e com escolha da pasta, dos documentos produzidos nos módulos de processo e de comunicações oficiais, com geração do documento em PDF, registro de versão e indexação do seu conteúdo textual para pesquisa.;sim
RF-013;6.2. Captura e incorporação de documentos;;Classificação e arquivamento em lote, em pasta e tipo documental, de documentos já assinados, permitido somente ao autor ou aos signatários de cada documento.;sim
RF-020;6.3. Tipos documentais e metadados;;Cadastro de tipos documentais, com nome, descrição, ativação e inativação, oferecendo-se na incorporação de documentos apenas os tipos ativos.;sim
RF-021;6.3. Tipos documentais e metadados;;Definição, para cada tipo documental, de esquema próprio de metadados, com campos de texto, número, data e lista de opções, rótulo e ordem de apresentação, exibido como formulário dinâmico no momento da incorporação do documento.;sim
RF-030;6.4. Versões e integridade;;Preservação conjunta do documento original e da sua versão assinada digitalmente, com indicação da versão exibida e alternância entre a versão assinada e a original, tanto na visualização quanto no download.;sim
RF-031;6.4. Versões e integridade;;Cálculo e armazenamento do resumo criptográfico SHA-256 de cada versão de documento, em todas as formas de entrada: envio manual, digitalização, interface de integração e arquivamento de documentos produzidos nos demais módulos.;sim
RF-040;6.5. Pesquisa e recuperação;;Pesquisa no conteúdo integral de documentos PDF que contenham camada de texto, com extração automática do texto na incorporação e reprocessamento do acervo já existente sob demanda.;sim
RF-041;6.5. Pesquisa e recuperação;;Pesquisa no repositório por termo livre aplicado ao nome, à descrição, ao conteúdo textual e aos metadados (nome e valor do campo), combinável com filtros de tipo documental, situação e período de criação, restrita à pasta corrente ou estendida a todo o acervo da unidade gestora.;sim
RF-042;6.5. Pesquisa e recuperação;;Exportação, em planilha eletrônica, da listagem de documentos exibida em tela, acompanhada dos metadados.;sim
RF-050;6.6. Visualização e acesso;;Visualização de documentos PDF e de imagens no próprio sistema, sem necessidade de download, com orientação para o download nos demais formatos.;sim
RF-051;6.6. Visualização e acesso;;Download do documento, vedado para os documentos cancelados pelo sistema de origem.;sim
RF-052;6.6. Visualização e acesso;;Marcação de documentos como favoritos, por usuário, com lista própria de favoritos.;sim
RF-060;6.7. Ciclo de vida;;Controle da situação do documento — rascunho, em revisão, publicado e arquivado —, com alteração individual ou em lote.;sim
RF-061;6.7. Ciclo de vida;;Exclusão lógica de documentos, individualmente ou em lote, com preservação do arquivo digital e do registro na base de dados.;sim
RF-100;6.8. Assinatura eletrônica e digital;6.8.1. Modalidades;Assinatura eletrônica simples, na forma do art. 4º, inciso I, da Lei nº 14.063/2020, com aceite declaratório do conteúdo e registro do CPF informado, do endereço IP, do navegador utilizado, da data e hora e do resumo criptográfico SHA-256 da versão assinada.;sim
RF-101;6.8. Assinatura eletrônica e digital;6.8.1. Modalidades;Assinatura eletrônica qualificada, na forma do art. 4º, inciso III, da Lei nº 14.063/2020, com certificado digital ICP-Brasil do tipo A1, observado o requisito RS-010.;sim
RF-102;6.8. Assinatura eletrônica e digital;6.8.1. Modalidades;Conferência, no ato da assinatura qualificada, da correspondência entre o CPF do titular do certificado e o CPF cadastrado do usuário signatário.;sim
RF-105;6.8. Assinatura eletrônica e digital;6.8.2. Forma da assinatura no documento;Assinatura digital incorporada ao próprio arquivo PDF, em envelope criptográfico destacado com algoritmo de resumo SHA-256, verificável em leitor de PDF de mercado sem dependência da solução contratada.;sim
RF-106;6.8. Assinatura eletrônica e digital;6.8.2. Forma da assinatura no documento;Aposição, no PDF assinado com certificado, de representação visual da assinatura com nome do signatário, data e hora e endereço de verificação, acompanhada de tarja lateral indicativa em todas as páginas.;sim
RF-110;6.8. Assinatura eletrônica e digital;6.8.3. Solicitação de assinatura;Solicitação de assinatura de um documento a um ou mais signatários usuários do sistema, com mensagem e indicação de prazo.;sim
RF-111;6.8. Assinatura eletrônica e digital;6.8.3. Solicitação de assinatura;Solicitação de assinatura em lote: vários documentos selecionados enviados, em uma única operação, aos mesmos signatários.;sim
RF-112;6.8. Assinatura eletrônica e digital;6.8.3. Solicitação de assinatura;Notificação interna ao signatário sobre assinatura pendente e ao solicitante sobre assinatura realizada ou recusada.;sim
RF-113;6.8. Assinatura eletrônica e digital;6.8.3. Solicitação de assinatura;Painel do signatário com os documentos pendentes de sua assinatura, os que aguardam os demais signatários e os concluídos, com filtros por texto, CPF, modalidade de assinatura, período e sistema de origem.;sim
RF-120;6.8. Assinatura eletrônica e digital;6.8.4. Evidências e verificação;Registro, por assinatura, das evidências do ato: signatário, CPF, endereço IP, navegador, data e hora, resumo criptográfico do documento e, na assinatura com certificado, titular, autoridade certificadora emissora, número de série, impressão digital do certificado e resumo criptográfico do envelope de assinatura.;sim
RF-121;6.8. Assinatura eletrônica e digital;6.8.4. Evidências e verificação;Emissão de manifesto de assinaturas em PDF, por solicitação, com os dados do documento, a relação dos signatários, a modalidade de cada assinatura, as evidências previstas no requisito RF-120 e a base legal aplicável.;sim
RF-122;6.8. Assinatura eletrônica e digital;6.8.4. Evidências e verificação;Página pública, acessível sem autenticação, para validação de PDF assinado enviado pelo interessado, com a relação de todas as assinaturas presentes no arquivo, a verificação de integridade criptográfica de cada uma e a exibição do signatário, do CPF ou CNPJ, da autoridade certificadora emissora, do número de série, do período de validade do certificado, do algoritmo, do motivo, do local e da data declarada.;sim
RF-125;6.8. Assinatura eletrônica e digital;6.8.5. Certificados;Cadastro, pelo próprio usuário, dos seus certificados digitais ICP-Brasil, com guarda exclusiva da parte pública do certificado, verificação do período de validade e da correspondência de CPF no cadastramento, listagem com situação, data de expiração, dias restantes e número de assinaturas realizadas, e inativação e reativação pelo titular.;sim
RF-150;6.9. Processo administrativo eletrônico — tipos e autuação;;Cadastro de tipos de processo administrativo, com nome, sigla, descrição, categoria e prazo padrão de atendimento, ativação e inativação, e bloqueio da exclusão de tipo que possua processos vinculados.;sim
RF-151;6.9. Processo administrativo eletrônico — tipos e autuação;;Definição, por tipo de processo, de sequência ordenada de etapas, cada uma com natureza — análise, parecer, aprovação, assinatura, despacho ou arquivamento —, unidade sugerida, prazo e texto-modelo.;sim
RF-152;6.9. Processo administrativo eletrônico — tipos e autuação;;Configuração, por tipo de processo, de formulário dinâmico de abertura, com campos de texto, número, valor monetário, data, texto longo e lista de opções, rótulo e ordem configuráveis, cujos dados ficam registrados no processo.;sim
RF-153;6.9. Processo administrativo eletrônico — tipos e autuação;;Cadastro, por tipo de processo, de modelos de texto de despacho, aplicáveis com uma única ação no momento da redação do despacho.;sim
RF-154;6.9. Processo administrativo eletrônico — tipos e autuação;;Abertura de processo administrativo eletrônico com tipo, assunto, descrição, prioridade — baixa, normal, alta ou urgente —, dados do requerente (nome, CPF, correio eletrônico e telefone), unidade de origem e unidade de destino inicial obrigatória, admitida a indicação de servidor destinatário.;sim
RF-155;6.9. Processo administrativo eletrônico — tipos e autuação;;Atribuição automática de número de protocolo sequencial, anual e por tipo de processo, composto pela sigla do tipo, pelo ano e pelo número sequencial, único no sistema.;sim
RF-156;6.9. Processo administrativo eletrônico — tipos e autuação;;Consulta de processos por número ou assunto, situação, tipo e prioridade, com paginação dos resultados.;sim
RF-170;6.10. Tramitação e decisão;;Encaminhamento do processo a unidade da estrutura organizacional, com indicação opcional de servidor específico da unidade e texto de despacho obrigatório.;sim
RF-171;6.10. Tramitação e decisão;;Aplicação automática, a cada encaminhamento, do prazo da etapa seguinte prevista no tipo de processo.;sim
RF-172;6.10. Tramitação e decisão;;Histórico da tramitação em linha do tempo, com unidade de origem e de destino, remetente, destinatário, recebedor, situação, despacho, prazo e indicação de cumprimento do prazo.;sim
RF-173;6.10. Tramitação e decisão;;Registro da decisão final do processo — deferido, indeferido ou deferido parcialmente —, com fundamentação obrigatória, geração automática do documento da decisão em PDF e indexação do seu texto para pesquisa.;sim
RF-174;6.10. Tramitação e decisão;;Exigência de assinatura eletrônica do responsável no documento de decisão, permanecendo o processo na situação "aguardando assinatura" até que seja assinado e encerrando-se automaticamente após a assinatura.;sim
RF-175;6.10. Tramitação e decisão;;Arquivamento do processo sem decisão de mérito, com justificativa obrigatória e geração do documento de encerramento.;sim
RF-176;6.10. Tramitação e decisão;;Arquivamento do documento final do processo em pasta do repositório documental da mesma unidade gestora, com registro no processo.;sim
RF-190;6.11. Caixas de trabalho e prazos;;Caixa de entrada pessoal unificada, reunindo os processos e as comunicações internas endereçados ao usuário, com indicação de confidencialidade.;sim
RF-191;6.11. Caixas de trabalho e prazos;;Caixa de entrada da unidade organizacional, com os itens endereçados à unidade do usuário sem destinatário específico, e visão geral da unidade gestora para o usuário designado na forma do requisito RS-007.;sim
RF-192;6.11. Caixas de trabalho e prazos;;Caixas de acompanhamento com os itens em tramitação de que o usuário participou, os itens concluídos, os itens por ele originados e os itens aguardando a sua assinatura.;sim
RF-193;6.11. Caixas de trabalho e prazos;;Filtros nas caixas de trabalho por texto (número ou assunto), tipo de item e período, com contadores de pendências.;sim
RF-194;6.11. Caixas de trabalho e prazos;;Ações rápidas a partir da caixa de trabalho: assinar decisão pendente e arquivar no repositório documental o documento resultante.;sim
RF-195;6.11. Caixas de trabalho e prazos;;Cálculo automático do prazo de cada etapa, a partir do prazo da etapa ou do prazo padrão do tipo de processo, com sinalização visual das situações "no prazo", "próximo do vencimento" e "atrasado".;sim
RF-210;6.12. Comunicações oficiais;;Emissão de memorando interno com numeração anual automática, múltiplos destinatários — servidores ou unidades —, marcação de confidencialidade, respostas encadeadas, arquivamento e geração do documento em PDF.;sim
RF-211;6.12. Comunicações oficiais;;Tramitação de memorandos entre servidores e unidades, com confirmação de recebimento, encaminhamento sucessivo com parecer e opção de registrar o parecer como resposta ao remetente.;sim
RF-212;6.12. Comunicações oficiais;;Emissão de circular com numeração anual automática, destinada a todos os servidores, a unidades ou a servidores selecionados, com registro individual da leitura, com data e hora, e painel de acompanhamento das leituras.;sim
RF-213;6.12. Comunicações oficiais;;Emissão de ofício externo com numeração anual automática, dados do destinatário (nome, cargo, órgão e correio eletrônico), respostas, arquivamento, geração do documento em PDF e livro de controle de ofícios por ano.;sim
RF-214;6.12. Comunicações oficiais;;Cadastro de modelos de ofício, inclusive por importação de arquivo de editor de texto, e carga do modelo na redação do ofício.;sim
RF-215;6.12. Comunicações oficiais;;Restrição da visualização de memorandos, ofícios e circulares ao remetente, aos destinatários — pessoais ou por unidade — e aos participantes da tramitação.;sim
RF-230;6.13. Notificações e mensagens;;Notificação interna automática ao destinatário, ou aos servidores da unidade de destino, quando processo, memorando ou circular lhe for encaminhado, respondido ou devolvido.;sim
RF-231;6.13. Notificações e mensagens;;Mensagens instantâneas entre servidores da mesma unidade gestora, com lista de contatos, histórico da conversa, contador de mensagens não lidas e marcação automática de leitura, disponíveis em todas as telas.;sim
RF-250;6.14. Painel de processos;;Painel de processos da unidade gestora com o total de processos abertos, em tramitação e concluídos no mês, as pendências do usuário e os processos recentes.;sim
RF-300;6.15. Carta de Serviços ao Usuário;;Publicação, por unidade gestora, de catálogo de serviços ao usuário acessível sem autenticação, contendo, para cada serviço, descrição resumida e completa, requisitos, relação de documentos necessários, prazo de atendimento, custo, canais de atendimento, órgão responsável e legislação aplicável.;nao
RF-301;6.15. Carta de Serviços ao Usuário;;Manutenção da carta de serviços pelo gestor da unidade, com cadastro, edição e exclusão de categorias — nome, ícone, cor, descrição, ordem e ativação — e de serviços, publicação e despublicação individual de cada serviço, definição do público-alvo e bloqueio da exclusão de categoria que possua serviços.;nao
RF-302;6.15. Carta de Serviços ao Usuário;;Navegação dos serviços por categoria, exibindo-se apenas as categorias ativas e os serviços publicados, com a contagem de serviços de cada categoria.;nao
RF-303;6.15. Carta de Serviços ao Usuário;;Pesquisa de serviços por título, descrições e palavras-chave, sem distinção de maiúsculas, com filtros por categoria e por público-alvo e paginação dos resultados.;nao
RF-304;6.15. Carta de Serviços ao Usuário;;Contabilização dos acessos a cada serviço, destaque dos serviços mais acessados na página inicial e sugestão de serviços relacionados da mesma categoria.;nao
RF-305;6.15. Carta de Serviços ao Usuário;;Personalização do portal por unidade gestora, com brasão, dados de contato institucional e carrossel de avisos com título, subtítulo, endereço de destino, ativação e ordem definidos pelo gestor.;nao
RF-320;6.16. Solicitações do cidadão;;Autocadastro do cidadão, com nome, correio eletrônico, CPF, telefone e senha com confirmação, e autenticação em sessão própria, segregada da autenticação dos servidores.;nao
RF-321;6.16. Solicitações do cidadão;;Abertura de solicitação de serviço pelo cidadão autenticado, com descrição e dados de contato, gerando código de protocolo sequencial por unidade gestora.;nao
RF-322;6.16. Solicitações do cidadão;;Registro de solicitação anônima, habilitável por serviço, sem coleta de dados pessoais, com exibição do código de protocolo ao final.;nao
RF-323;6.16. Solicitações do cidadão;;Conversão automática da solicitação em processo administrativo eletrônico, com tipo de processo e unidade responsável definidos no cadastro do serviço, dados do requerente e primeira tramitação com prazo calculado.;nao
RF-324;6.16. Solicitações do cidadão;;Área do cidadão com a relação das suas solicitações, a contagem por situação e o detalhamento de cada uma em linha do tempo — abertura, mudanças de situação, mensagens e conclusão.;nao
RF-325;6.16. Solicitações do cidadão;;Download, pelo cidadão, dos anexos do processo vinculado à sua solicitação e do documento de decisão, preferencialmente na versão assinada digitalmente, com verificação de que o arquivo pertence a solicitação do próprio cidadão.;nao
RF-326;6.16. Solicitações do cidadão;;Notificação do cidadão por correio eletrônico na abertura, a cada mudança de situação, a cada mensagem do atendente e na conclusão, com o documento de decisão assinado anexado.;nao
RF-327;6.16. Solicitações do cidadão;;Atualização automática da situação da solicitação conforme a decisão do processo vinculado, inclusive após a assinatura do documento de decisão.;nao
RF-328;6.16. Solicitações do cidadão;;Fila de atendimento das solicitações para os servidores, com filtros por situação, serviço e texto, contagem por situação, alteração de situação com resposta, envio de mensagens ao cidadão e exibição do processo vinculado.;nao
RF-340;6.17. Autenticidade de documentos;;Verificação pública da autenticidade de documento do repositório por código de verificação ou QR Code, sem autenticação, com exibição do tipo, do autor, da situação, da versão vigente e do resumo criptográfico do arquivo.;sim
RF-400;6.18. Integração com sistemas da Administração;6.18.1. Credenciais;Cadastro dos sistemas externos autorizados a integrar-se à solução, com emissão de credencial exclusiva na forma do requisito RS-008, regeneração com invalidação da credencial anterior, ativação e desativação, e bloqueio da exclusão de sistema que tenha enviado documentos.;nao
RF-401;6.18. Integração com sistemas da Administração;6.18.1. Credenciais;Autenticação de cada requisição da interface de integração por credencial do tipo portador, sem sessão, com resposta padronizada de acesso não autorizado e registro da data do último uso da credencial.;nao
RF-402;6.18. Integração com sistemas da Administração;6.18.1. Credenciais;Painel de acompanhamento das integrações, com a quantidade de documentos recebidos, de notificações entregues e de falhas de entrega por sistema.;nao
RF-405;6.18. Integração com sistemas da Administração;6.18.2. Documentos para assinatura;Recebimento, pela interface de integração, de documento PDF com tipo documental, unidade gestora, número de origem, nome, descrição, metadados, pasta de destino, endereço de retorno e relação de signatários identificados por CPF, com posição visual da assinatura no documento, criando-se o documento, a versão e a solicitação de assinatura em uma única transação.;nao
RF-406;6.18. Integração com sistemas da Administração;6.18.2. Documentos para assinatura;Consulta, pelo sistema de origem, da situação do documento e de cada assinatura.;nao
RF-407;6.18. Integração com sistemas da Administração;6.18.2. Documentos para assinatura;Substituição do arquivo por nova versão antes da primeira assinatura, com substituição opcional dos signatários pendentes, rejeitando-se a operação após qualquer assinatura ou recusa.;nao
RF-408;6.18. Integração com sistemas da Administração;6.18.2. Documentos para assinatura;Recuperação, pelo sistema de origem, do PDF assinado, somente após a conclusão das assinaturas e vedada para documentos cancelados.;nao
RF-409;6.18. Integração com sistemas da Administração;6.18.2. Documentos para assinatura;Cancelamento do documento pelo sistema de origem, com motivo obrigatório, encerramento das assinaturas pendentes, retirada da pasta de arquivamento e preservação do histórico das assinaturas já realizadas.;nao
RF-410;6.18. Integração com sistemas da Administração;6.18.3. Arquivamento sem assinatura;Recebimento e arquivamento, pela interface de integração, de arquivos de qualquer formato sem fluxo de assinatura, com tipo documental, grau de sigilo, pasta e metadados, de forma idempotente por sistema, unidade gestora e número de origem, de modo que o reenvio do mesmo número gere nova versão do mesmo documento, sem duplicá-lo.;nao
RF-411;6.18. Integração com sistemas da Administração;6.18.3. Arquivamento sem assinatura;Recuperação, pelo sistema de origem, do conteúdo da versão vigente de arquivo arquivado, para exibição no próprio sistema externo.;nao
RF-415;6.18. Integração com sistemas da Administração;6.18.4. Notificações de retorno;Envio de notificação ao endereço de retorno do sistema de origem nos eventos de assinatura individual, de recusa e de conclusão das assinaturas, com conteúdo assinado por HMAC-SHA256 e cabeçalhos de identificação do sistema e do evento.;nao
RF-416;6.18. Integração com sistemas da Administração;6.18.4. Notificações de retorno;Registro de cada entrega de notificação, com o conteúdo enviado, a assinatura, o código de retorno, a resposta recebida, a duração e o erro, quando houver.;nao
RF-417;6.18. Integração com sistemas da Administração;6.18.4. Notificações de retorno;Reenvio de notificação pelo administrador, a partir do registro de entrega, e pelo próprio sistema de origem, quanto à notificação de conclusão.;nao
RF-418;6.18. Integração com sistemas da Administração;6.18.4. Notificações de retorno;Regeneração do segredo de assinatura das notificações independentemente da credencial de acesso.;nao
RF-450;6.19. Estrutura organizacional;;Cadastro de unidades gestoras, com código, nome, CNPJ, endereço, contatos, sítio eletrônico, observações, situação e identidade visual própria — brasão e imagem de destaque.;sim
RF-451;6.19. Estrutura organizacional;;Estrutura organizacional hierárquica de até três níveis por unidade gestora, com a denominação de cada nível definida pelo administrador.;sim
RF-452;6.19. Estrutura organizacional;;Registro, por unidade organizacional, de código, vigência (início e encerramento), tipo de órgão ou fundo, código junto ao Tribunal de Contas, responsável e endereço próprio ou herdado da unidade gestora.;sim
RF-453;6.19. Estrutura organizacional;;Impedimento da exclusão de unidade organizacional que possua subunidades ou usuários vinculados, com a alternativa de inativação.;sim
RF-454;6.19. Estrutura organizacional;;Cadastro de endereços normalizado — unidade da federação, município, bairro e logradouro —, com preenchimento automático a partir do código de endereçamento postal.;sim
RF-455;6.19. Estrutura organizacional;;Vínculo do usuário a uma ou mais unidades gestoras, com indicação da unidade principal, e lotação em unidade organizacional.;sim
